<Ui xmlns="http://www.blizzard.com/wow/ui/" xmlns:xsi="http://www.w3.org/2001/XMLSchema-instance" xsi:schemaLocation="http://www.blizzard.com/wow/ui/FrameXML/UI.xsd">

	<Script>
	___ZGV_TIMESTAMP_LOADFILESXML_START = debugprofilestop()
	collectgarbage()
	___ZGV_LOAD_MEM = collectgarbage("count")
	</Script>

	<Script file="ZygorGuidesViewer.lua"/>
	<Script file="Tooltips.lua"/>
	<Script file="Licence.lua"/>

	<Script file="Ver.lua"/>
	<Script file="Class.lua"/>
	<Script file="Functions.lua"/>
	<Include file="UiWidgets\files.xml" />


	<Script file="Code-WOTLK\TalentAdvisor.lua"/>
	<Script file="Code-WOTLK\TalentAdvisor-Registering.lua"/>
	<Script file="Code-WOTLK\TalentAdvisor-Popout.lua"/>
	<Include file="Code-WOTLK\TalentAdvisor-Popout.xml"/>

	<Script file="BugReport.lua"/>

	<Script file="Parser.lua"/>
	<Script file="Options.lua"/>
	<Script file="Waypoints.lua"/>
	<Script file="Log.lua"/>
	<Script file="Localizers.lua"/>
	<Script file="QuestTracking.lua"/>
	<Script file="Code-WOTLK\QuestTracking.lua"/>
	<Script file="Faction.lua"/>
	<Script file="Code-WOTLK\Faction.lua"/>
	<Script file="Code-WOTLK\Profession.lua"/>
	<Script file="Dungeons.lua"/>

	<Script file="QuestAutoAccept.lua"/>
	<Script file="Code-WOTLK\QuestAutoAccept.lua"/>
	<Script file="QuestDB.lua"/>
	<Script file="Code-WOTLK\QuestDB.lua"/>

	<Script file="Guide.lua"/>
	<Script file="MacroGuide.lua"/>
	<Script file="Step.lua"/>
	<Script file="Goal.lua"/>
	<Script file="Code-WOTLK\Goal.lua"/>

	<Include file="Loot.xml"/>
	<Script file="Loot.lua"/>
	<Script file="Loot-SellItemsPopup.lua"/>

	<Script file="Config.lua"/>
	<Script file="Tutorial.lua"/>

	<Script file="Code-WOTLK\Achievement.lua"/>
	
	<Script file="StaticPopups.lua" />

	<Script file="NotificationCenter.lua"/>

	<Script file="Skills.lua"/>

	<Script file="MapCoords.lua"/>

	<Script file="Pointer.lua"/>
	<Script file="Code-WOTLK\PointerMap.lua"/>
	<Include file="PointerMarkerTemplates.xml" />
	<Include file="Arrows\Arrows.xml" />

	<Script file="Foglight.lua"/>

	<Include file="MasterFrame.xml"/>
	<Include file="MaintenanceFrame.xml"/>

	<Include file="Skins.lua"/>
	<Include file="Skins\Skins.xml"/>

	<Include file="ZygorMapIcon.xml" />
	<Include file="GuideMenu.lua" />
	<Include file="GuideMenu-View.lua" />
	<Include file="Data-WOTLK\GuideMenu-Home.lua" />
	<Include file="Data-WOTLK\GuideMenu-Featured.lua" />

	<Script file="Tabs.lua"/>

	<Include file="Templates.xml" />

	<Script file="MagicKey.lua" />

	<Script file="ActionBar.lua" />

	<Script file="CreatureDetector.lua" />
	
	<Script file="Code-WOTLK\Item-DataTables.lua" />
	<Script file="Data-WOTLK\Item-Statweights.lua" />
	<Script file="Item-ItemScore.lua" />
	<Script file="Code-WOTLK\Item-ItemScore.lua" />
	<Script file="Item-Upgrades.lua" />
	<Script file="Item-GearFinder.lua" />
	<Script file="Code-WOTLK\Item-GearFinder.lua" />
	<Script file="Item-Quest.lua" />

	<Include file="GoldUI\Gold.xml" />
	<Include file="Code-WOTLK\GoldUI\Gold.xml" />
	<Include file="Data-WOTLK\data.xml"/>

	<Script> ___ZGV_TIMESTAMP_LOADGUIDESXML_START = debugprofilestop() </Script>
	<Include file="Guides-WOTLK\Autoload.xml"/>
	<Script file="GuideSorting.lua" />
	<Script> ___ZGV_TIMESTAMP_LOADGUIDESXML_END = debugprofilestop() </Script>




	<Script file="WhoWhere.lua"/>

	<Script file="InventoryManager.lua"/>
	<Script file="InventoryManager-ReminderPopup.lua"/>
	
	<Script file="Code-WOTLK\InitialFlightPaths.lua" />
	
	<Script file="TestFramework.lua"/>

	<Script file="Libs/HBDragons.lua"/>

	<Script file="Sync.lua"/>

	<Script file="ChainsParser.lua"/>
	<Script file="Data-WOTLK\Chains.lua"/>
	
	<Script>
	___ZGV_TIMESTAMP_LOADFILESXML_END = debugprofilestop()

	collectgarbage()
	ZGV.loading_memory_total = collectgarbage("count")-___ZGV_LOAD_MEM
	___ZGV_LOAD_MEM=nil
	</Script>
</Ui>
